{
  "67": [
    0.9777438125000001,
    0.97542725,
    0.8344258125000001,
    0.8906410625000001
  ],
  "66": [
    0.9800603750000001,
    0.9786704375,
    0.8602168750000001,
    0.9036138125000001
  ],
  "65": [
    0.981295875,
    0.9789793125000001,
    0.8836913750000001,
    0.9131889375000001
  ],
  "64": [
    0.9879366875000001,
    0.9860834375,
    0.9070114375,
    0.9309492500000001
  ],
  "63": [
    0.993033125,
    0.9925698125000001,
    0.9187486875,
    0.9422231875
  ],
  "62": [
    1.002299375,
    1.0024538125000002,
    0.9369723125,
    0.9573580625
  ],
  "61": [
    0.9484006875000001,
    0.9551959375000001,
    0.913343375,
    0.9400610625
  ],
  "60": [
    0.944230875,
    0.947937375,
    0.9334202500000001,
    0.9493273125
  ],
  "59": [
    0.95318825,
    0.961527875,
    0.9579758125000001,
    0.961527875
  ],
  "57": [
    1.0069325,
    1.0160443125,
    1.0129555625,
    1.012183375
  ],
  "49": [
    1.2277781250000002,
    1.2347278125,
    1.2341100625,
    1.2401331249999998
  ],
  "44": [
    1.3845321875,
    1.39302625,
    1.39055525,
    1.395806125
  ],
  "38": [
    1.5743358750000003,
    1.5843743125,
    1.5868453125000002,
    1.58823525
  ],
  "35": [
    1.6733303125,
    1.6861486250000002,
    1.6753380000000002,
    1.6863030625000002
  ],
  "31": [
    1.8138684375000003,
    1.8273045,
    1.8042933125,
    1.8225169375
  ],
  "25": [
    1.9985756875000003,
    2.01324725,
    1.9899271875,
    2.0090774375000002
  ],
  "23": [
    2.0747133750000004,
    2.0903115625,
    2.0798098125,
    2.0887671875000002
  ],
  "15": [
    2.3783375,
    2.38266175,
    2.334786125,
    2.3871404375000003
  ],
  "13": [
    2.4079895000000002,
    2.423124375,
    2.3942445625,
    2.4167924375000003
  ],
  "0": [
    1.8750256875,
    1.8952570000000002,
    1.8754890000000002,
    1.8816665000000001
  ]
}