{
  "temps": [
    67,
    66,
    65,
    64,
    63,
    62,
    61,
    60,
    59,
    57,
    49,
    44,
    38,
    35,
    31,
    25,
    23,
    15,
    13
  ],
  "voltages": [
    [
      0.97774381,
      0.98006038,
      0.98129588,
      0.98793669,
      0.99303312,
      1.00229937,
      0.94840069,
      0.94423088,
      0.95318825,
      1.0069325,
      1.22777813,
      1.38453219,
      1.57433588,
      1.67333031,
      1.81386844,
      1.99857569,
      2.07471338,
      2.3783375,
      2.4079895
    ],
    [
      0.97542725,
      0.97867044,
      0.97897931,
      0.98608344,
      0.99256981,
      1.00245381,
      0.95519594,
      0.94793737,
      0.96152788,
      1.01604431,
      1.23472781,
      1.39302625,
      1.58437431,
      1.68614863,
      1.8273045,
      2.01324725,
      2.09031156,
      2.38266175,
      2.42312437
    ],
    [
      0.83442581,
      0.86021688,
      0.88369138,
      0.90701144,
      0.91874869,
      0.93697231,
      0.91334337,
      0.93342025,
      0.95797581,
      1.01295556,
      1.23411006,
      1.39055525,
      1.58684531,
      1.675338,
      1.80429331,
      1.98992719,
      2.07980981,
      2.33478612,
      2.39424456
    ],
    [
      0.89064106,
      0.90361381,
      0.91318894,
      0.93094925,
      0.94222319,
      0.95735806,
      0.94006106,
      0.94932731,
      0.96152788,
      1.01218337,
      1.24013312,
      1.39580613,
      1.58823525,
      1.68630306,
      1.82251694,
      2.00907744,
      2.08876719,
      2.38714044,
      2.41679244
    ]
  ]
}